Summary,Issue key,Issue id,Issue Type,Status,Project key,Project name,Project type,Project lead,Project lead id,Project description,Priority,Resolution,Assignee,Assignee Id,Reporter,Reporter Id,Creator,Creator Id,Created,Updated,Last Viewed,Resolved,Due date,Votes,Labels,Labels,Labels,Labels,Description,Environment,Watchers,Watchers Id,Original estimate,Remaining Estimate,Time Spent,Work Ratio,Σ Original Estimate,Σ Remaining Estimate,Σ Time Spent,Security Level,Custom field (Development),Custom field (Issue color),Custom field (Rank),Sprint,Sprint,Custom field (Start date),Custom field (Story point estimate),Custom field (Team),Custom field (Vulnerability),Custom field (Vulnerability),Comment,Parent,Parent key,Parent summary,Status Category,Status Category Changed
Review Presentation (Market & Financial Analysis),SCRUM-80,10419,Task,In Progress,SCRUM,K608,software,The V,712020:f14fa11e-5d60-4d0e-822f-5f18b8a6cfa0,Your first project,Medium,,Bilal Ashrafov,712020:72f6c6d8-61d4-42d7-9554-95c2403d3b14,Bilal Ashrafov,712020:72f6c6d8-61d4-42d7-9554-95c2403d3b14,Bilal Ashrafov,712020:72f6c6d8-61d4-42d7-9554-95c2403d3b14,22/Apr/26 7:56 AM,22/Apr/26 7:59 AM,,,,0,,,,,"Build the slide deck for the *Sprint 4 review presentation* of the *Regulatory Compliance Navigator* project (*K608 team*, *PR00B251*).

The presentation should cover market and financial analysis findings from *section 3.4*, including:

* *Competitive advantage table*
* *Financial viability metrics*
* *Technology stack justification*
* *Updated prototype screenshots*

Reference the *midway presentation style* (*dark green theme with gold accents*).

*Deliverables:* slides and report submission on Moodle.

*Requested priority:* High
*Requested sprint:* Sprint 4",,Bilal Ashrafov,712020:72f6c6d8-61d4-42d7-9554-95c2403d3b14,,,,,,,,,{},,0|i00086:h,SCRUM questions Sprint 4,,,,,,,,,,,In Progress,22/Apr/26 7:59 AM
Complete Financial & Market Analysis (Section 3.4),SCRUM-79,10418,Task,In Progress,SCRUM,K608,software,The V,712020:f14fa11e-5d60-4d0e-822f-5f18b8a6cfa0,Your first project,Medium,,,,Bilal Ashrafov,712020:72f6c6d8-61d4-42d7-9554-95c2403d3b14,Bilal Ashrafov,712020:72f6c6d8-61d4-42d7-9554-95c2403d3b14,22/Apr/26 7:47 AM,22/Apr/26 7:49 AM,,,,0,,,,,"Finalize the market and financial analysis chapter for the *Regulatory Compliance Navigator* (*K608 team project*, *PR00B251 Product Development Project at KTU*).

This task covers *report section 3.4* and includes:

* *Cost-benefit model refinement*
** MVP development cost: *€50–80K*
** Year 1 operations: *€95–170K*
* *SaaS pricing validation*
** Proposed pricing: *€10–25/month*
** Benchmark consultant fees: *€200–800/year*
* *Break-even analysis*
** Target range: *5–8K users*
* *Serviceable market sizing*
** *3.3M EU farms* in the *5–50 ha* segment
* *Funding opportunity mapping*
** *Horizon Europe Cluster 6*
** *EIP-AGRI*
** *CAP Pillar II*

*Deliverable:* completed *section 3.4* in the report.

*Requested priority:* High
*Requested sprint:* Sprint 4",,Bilal Ashrafov,712020:72f6c6d8-61d4-42d7-9554-95c2403d3b14,,,,,,,,,{},,0|i00086:g,SCRUM questions Sprint 4,,,,,,,,,,,In Progress,22/Apr/26 7:48 AM
"End-to-end release hardening for login, profile, tasks, reports, reminders, and audit flows",SCRUM-78,10385,Task,To Do,SCRUM,K608,software,The V,712020:f14fa11e-5d60-4d0e-822f-5f18b8a6cfa0,Your first project,Medium,,The V,712020:f14fa11e-5d60-4d0e-822f-5f18b8a6cfa0,The V,712020:f14fa11e-5d60-4d0e-822f-5f18b8a6cfa0,The V,712020:f14fa11e-5d60-4d0e-822f-5f18b8a6cfa0,13/Apr/26 5:15 PM,13/Apr/26 5:21 PM,,,,0,qa,regression,release,,"Release-hardening task for the final two sprint delivery window.

* Run end-to-end validation across login, profile, tasks, reports, reminders, and audit flows.
* Fix critical regression issues uncovered during final walkthrough and demo preparation.
* Document any residual risks before release sign-off.",,The V,712020:f14fa11e-5d60-4d0e-822f-5f18b8a6cfa0,,,,,,,,,{},,0|i000gn:,SCRUM questions Sprint 6,,,3.0,,,,,10160,SCRUM-21,Mobile App Foundation,To Do,13/Apr/26 5:15 PM
Replace mocked farm-profile sync with durable synced profile state and validation refresh,SCRUM-77,10383,Task,To Do,SCRUM,K608,software,The V,712020:f14fa11e-5d60-4d0e-822f-5f18b8a6cfa0,Your first project,Medium,,The V,712020:f14fa11e-5d60-4d0e-822f-5f18b8a6cfa0,The V,712020:f14fa11e-5d60-4d0e-822f-5f18b8a6cfa0,The V,712020:f14fa11e-5d60-4d0e-822f-5f18b8a6cfa0,13/Apr/26 5:15 PM,13/Apr/26 5:21 PM,,,,0,followup-scrum-30,profile,sync,,"Follow-up task for the current mocked farm-profile sync path.

* Replace the mocked backend sync behavior with a durable synced profile state model.
* Refresh validation and user feedback around save versus sync outcomes.
* Close the remaining implementation gap behind SCRUM-30.",,The V,712020:f14fa11e-5d60-4d0e-822f-5f18b8a6cfa0,,,,,,,,,{},,0|i000gf:,SCRUM questions Sprint 6,,,5.0,,,,,10162,SCRUM-23,Farm Profile and Eligibility Inputs,To Do,13/Apr/26 5:15 PM
Add regulation feed deep-links from change items into impacted task or guidance view,SCRUM-76,10381,Task,To Do,SCRUM,K608,software,The V,712020:f14fa11e-5d60-4d0e-822f-5f18b8a6cfa0,Your first project,Medium,,The V,712020:f14fa11e-5d60-4d0e-822f-5f18b8a6cfa0,The V,712020:f14fa11e-5d60-4d0e-822f-5f18b8a6cfa0,The V,712020:f14fa11e-5d60-4d0e-822f-5f18b8a6cfa0,13/Apr/26 5:15 PM,13/Apr/26 5:21 PM,,,,0,followup-scrum-45,navigation,regulations,,"Follow-up task for the regulation feed so it closes the missing navigation gap.

* Add deep-link behavior from feed items into the impacted task or guidance surface.
* Preserve read/unread behavior while improving navigation for changed rules.
* Close the remaining acceptance gap in SCRUM-45.",,The V,712020:f14fa11e-5d60-4d0e-822f-5f18b8a6cfa0,,,,,,,,,{},,0|i000g7:,SCRUM questions Sprint 6,,,5.0,,,,,10163,SCRUM-24,Compliance Tasks Module,To Do,13/Apr/26 5:15 PM
Expand task personalization rules and externalize task/risk/guidance content,SCRUM-75,10379,Task,To Do,SCRUM,K608,software,The V,712020:f14fa11e-5d60-4d0e-822f-5f18b8a6cfa0,Your first project,Medium,,The V,712020:f14fa11e-5d60-4d0e-822f-5f18b8a6cfa0,The V,712020:f14fa11e-5d60-4d0e-822f-5f18b8a6cfa0,The V,712020:f14fa11e-5d60-4d0e-822f-5f18b8a6cfa0,13/Apr/26 5:15 PM,13/Apr/26 5:21 PM,,,,0,followup-scrum-31,followup-scrum-32,followup-scrum-42,tasks,"Follow-up task for compliance task stories that are currently implemented as a limited demo ruleset.

* Expand personalization beyond the current simplified profile-based demo logic.
* Move task content, plain-language guidance, and penalty/risk copy into an externalized content source.
* Keep the resulting task list aligned with the intent of SCRUM-31, SCRUM-32, and SCRUM-42.",,The V,712020:f14fa11e-5d60-4d0e-822f-5f18b8a6cfa0,,,,,,,,,{},,0|i000fz:,SCRUM questions Sprint 6,,,8.0,,,,,10163,SCRUM-24,Compliance Tasks Module,To Do,13/Apr/26 5:15 PM
"Add i18n framework, persisted language selection, and untranslated-key build guard",SCRUM-74,10377,Task,To Do,SCRUM,K608,software,The V,712020:f14fa11e-5d60-4d0e-822f-5f18b8a6cfa0,Your first project,Medium,,The V,712020:f14fa11e-5d60-4d0e-822f-5f18b8a6cfa0,The V,712020:f14fa11e-5d60-4d0e-822f-5f18b8a6cfa0,The V,712020:f14fa11e-5d60-4d0e-822f-5f18b8a6cfa0,13/Apr/26 5:15 PM,13/Apr/26 5:20 PM,13/Apr/26 5:21 PM,,,0,followup-scrum-44,i18n,localization,,"New implementation task for multi-language interface support.

* Add a language-selection mechanism in app settings and persist the chosen language.
* Ensure the selected language survives restart and login session restore.
* Block release-quality builds when unresolved translation keys remain.",,The V,712020:f14fa11e-5d60-4d0e-822f-5f18b8a6cfa0,,,,,,,,,{},,0|i000fr:,SCRUM questions Sprint 6,,,8.0,,,,,10160,SCRUM-21,Mobile App Foundation,To Do,13/Apr/26 5:15 PM
Add OCR document import with editable extraction review and low-confidence flags,SCRUM-73,10375,Task,To Do,SCRUM,K608,software,The V,712020:f14fa11e-5d60-4d0e-822f-5f18b8a6cfa0,Your first project,Medium,,The V,712020:f14fa11e-5d60-4d0e-822f-5f18b8a6cfa0,The V,712020:f14fa11e-5d60-4d0e-822f-5f18b8a6cfa0,The V,712020:f14fa11e-5d60-4d0e-822f-5f18b8a6cfa0,13/Apr/26 5:14 PM,13/Apr/26 5:20 PM,,,,0,followup-scrum-38,ocr,reports,,"New implementation task for OCR-assisted report prefill.

* Extract document type, date, and identifier/reference from uploaded documents.
* Let the user review and edit OCR results before saving them into a report.
* Flag low-confidence extractions clearly for manual confirmation.",,The V,712020:f14fa11e-5d60-4d0e-822f-5f18b8a6cfa0,,,,,,,,,{},,0|i000fj:,SCRUM questions Sprint 6,,,8.0,,,,,10164,SCRUM-25,Basic Report Workflow,To Do,13/Apr/26 5:15 PM
Export audit logs by date range in CSV/JSON and log the export action,SCRUM-72,10373,Task,To Do,SCRUM,K608,software,The V,712020:f14fa11e-5d60-4d0e-822f-5f18b8a6cfa0,Your first project,Medium,,The V,712020:f14fa11e-5d60-4d0e-822f-5f18b8a6cfa0,The V,712020:f14fa11e-5d60-4d0e-822f-5f18b8a6cfa0,The V,712020:f14fa11e-5d60-4d0e-822f-5f18b8a6cfa0,13/Apr/26 5:14 PM,13/Apr/26 5:20 PM,,,,0,audit,export,followup-scrum-47,,"New implementation task for immutable audit export support.

* Allow date-range selection for audit export.
* Support CSV and JSON export formats with key traceability events included.
* Audit-log the export action itself so inspection evidence remains traceable.",,The V,712020:f14fa11e-5d60-4d0e-822f-5f18b8a6cfa0,,,,,,,,,{},,0|i000fb:,SCRUM questions Sprint 5,,,5.0,,,,,10167,SCRUM-28,Audit Logging and Traceability,To Do,13/Apr/26 5:14 PM
"Productionize evidence flow with real picker, retry UX, and report preview visibility",SCRUM-71,10371,Task,To Do,SCRUM,K608,software,The V,712020:f14fa11e-5d60-4d0e-822f-5f18b8a6cfa0,Your first project,Medium,,The V,712020:f14fa11e-5d60-4d0e-822f-5f18b8a6cfa0,The V,712020:f14fa11e-5d60-4d0e-822f-5f18b8a6cfa0,The V,712020:f14fa11e-5d60-4d0e-822f-5f18b8a6cfa0,13/Apr/26 5:14 PM,13/Apr/26 5:20 PM,,,,0,attachments,followup-scrum-37,reports,,"Follow-up task for the current prototype-only evidence attachment flow.

* Replace the purely simulated upload path with a production-ready evidence selection flow.
* Surface clear failure and retry behavior for attachment errors.
* Expose attached evidence in report preview so it is visible in the reporting workflow.",,The V,712020:f14fa11e-5d60-4d0e-822f-5f18b8a6cfa0,,,,,,,,,{},,0|i000f3:,SCRUM questions Sprint 5,,,5.0,,,,,10164,SCRUM-25,Basic Report Workflow,To Do,13/Apr/26 5:14 PM
Implement real deadline notifications with disable behavior and task deep-link,SCRUM-70,10369,Task,To Do,SCRUM,K608,software,The V,712020:f14fa11e-5d60-4d0e-822f-5f18b8a6cfa0,Your first project,Medium,,The V,712020:f14fa11e-5d60-4d0e-822f-5f18b8a6cfa0,The V,712020:f14fa11e-5d60-4d0e-822f-5f18b8a6cfa0,The V,712020:f14fa11e-5d60-4d0e-822f-5f18b8a6cfa0,13/Apr/26 5:14 PM,13/Apr/26 5:20 PM,,,,0,followup-scrum-35,followup-scrum-48,notifications,,"Follow-up task for reminder stories that are only partially covered by current settings UI.

* Send deadline reminders based on configured offsets and respect disabled state immediately.
* Support direct navigation from a reminder into the relevant task detail.
* Cover both SCRUM-35 and SCRUM-48 acceptance intent in one implementation slice.",,The V,712020:f14fa11e-5d60-4d0e-822f-5f18b8a6cfa0,,,,,,,,,{},,0|i000ev:,SCRUM questions Sprint 5,,,8.0,,,,,10166,SCRUM-27,Deadline Reminders and Notifications,To Do,13/Apr/26 5:14 PM
Add sync conflict resolution screen with field-by-field merge and audit trail,SCRUM-69,10367,Task,To Do,SCRUM,K608,software,The V,712020:f14fa11e-5d60-4d0e-822f-5f18b8a6cfa0,Your first project,Medium,,The V,712020:f14fa11e-5d60-4d0e-822f-5f18b8a6cfa0,The V,712020:f14fa11e-5d60-4d0e-822f-5f18b8a6cfa0,The V,712020:f14fa11e-5d60-4d0e-822f-5f18b8a6cfa0,13/Apr/26 5:14 PM,13/Apr/26 5:20 PM,,,,0,conflicts,followup-scrum-40,offline,,"New implementation task for the unscheduled sync conflict resolution story.

* Show local versus server values field by field when offline edits conflict after reconnect.
* Allow the user to choose local or server values per conflicting field before final sync.
* Persist the merged result and record the resolution in the audit trail.",,The V,712020:f14fa11e-5d60-4d0e-822f-5f18b8a6cfa0,,,,,,,,,{},,0|i000en:,SCRUM questions Sprint 5,,,8.0,,,,,10165,SCRUM-26,Offline Draft and Sync,To Do,13/Apr/26 5:14 PM
Persist offline queue and reconnect sync state across app restarts,SCRUM-68,10365,Task,To Do,SCRUM,K608,software,The V,712020:f14fa11e-5d60-4d0e-822f-5f18b8a6cfa0,Your first project,Medium,,The V,712020:f14fa11e-5d60-4d0e-822f-5f18b8a6cfa0,The V,712020:f14fa11e-5d60-4d0e-822f-5f18b8a6cfa0,The V,712020:f14fa11e-5d60-4d0e-822f-5f18b8a6cfa0,13/Apr/26 5:14 PM,13/Apr/26 5:20 PM,,,,0,followup-scrum-34,offline,sync,,"Follow-up task for the partially implemented offline draft and sync flow.

* Persist queued sync actions and local sync metadata across app restarts.
* Reconnect should resume pending work safely and show a visible sync result to the user.
* Close the prototype gap around SCRUM-34 without changing the intended user flow.",,The V,712020:f14fa11e-5d60-4d0e-822f-5f18b8a6cfa0,,,,,,,,,{},,0|i000ef:,SCRUM questions Sprint 5,,,5.0,,,,,10165,SCRUM-26,Offline Draft and Sync,To Do,13/Apr/26 5:14 PM
Replace mocked report submit path with persistent submission service,SCRUM-67,10363,Task,To Do,SCRUM,K608,software,The V,712020:f14fa11e-5d60-4d0e-822f-5f18b8a6cfa0,Your first project,Medium,,The V,712020:f14fa11e-5d60-4d0e-822f-5f18b8a6cfa0,The V,712020:f14fa11e-5d60-4d0e-822f-5f18b8a6cfa0,The V,712020:f14fa11e-5d60-4d0e-822f-5f18b8a6cfa0,13/Apr/26 5:13 PM,13/Apr/26 5:20 PM,,,,0,backend,followup-scrum-33,reports,,"Follow-up task for partially implemented report submission flow.

* Replace the current local-only submit path with a durable submission service and persistent confirmation handling.
* Preserve validation, submission history, and user-visible success/failure states.
* Keep this aligned with SCRUM-33 acceptance criteria while closing the prototype gap.",,The V,712020:f14fa11e-5d60-4d0e-822f-5f18b8a6cfa0,,,,,,,,,{},,0|i000e7:,SCRUM questions Sprint 5,,,8.0,,,,,10164,SCRUM-25,Basic Report Workflow,To Do,13/Apr/26 5:13 PM
Prepare Progress Presentation (Sprint 2 Review) – Week 8,SCRUM-66,10329,Task,Done,SCRUM,K608,software,The V,712020:f14fa11e-5d60-4d0e-822f-5f18b8a6cfa0,Your first project,Medium,Done,Bilal Ashrafov,712020:72f6c6d8-61d4-42d7-9554-95c2403d3b14,Bilal Ashrafov,712020:72f6c6d8-61d4-42d7-9554-95c2403d3b14,Bilal Ashrafov,712020:72f6c6d8-61d4-42d7-9554-95c2403d3b14,18/Mar/26 3:56 PM,15/Apr/26 3:51 PM,,15/Apr/26 3:51 PM,,0,,,,,"Prepare and deliver the Sprint 2 progress presentation. Covers report chapter *3.2*. Slides and report to be submitted on Moodle.

----

*Grading Criteria:*

*1. Disclosure of the Essence (max 20 pts)*

* Clear presentation of the aim, objectives and expected outcomes of the project
* Clear presentation and justification of the chosen product development project, its stages

*2. Concept (max 40 pts)*

* Demonstrate the knowledge and collected information
* Provide arguments for the answers

*3. Communication Skills and Slides (max 30 pts)*

* Verbal and non-verbal communication
* Elaborate answers to questions
* Clear and appropriate slides in terms of layout and design

*4. Teamwork (max 10 pts)*

* Speeches of different team members properly distributed in time
* Continuation of thought throughout the speakers
* Time management

----

*Deliverables:*

* Presentation slides
* Report chapter 3.2
* Submit slides and report on Moodle",,Bilal Ashrafov,712020:72f6c6d8-61d4-42d7-9554-95c2403d3b14,,,,,,,,,{},,0|i00086:f,SCRUM questions Sprint 3,,,,,,,,,,,Done,15/Apr/26 3:51 PM
Contact ZUR member associations for farmer interview recruitment,SCRUM-65,10296,Task,Done,SCRUM,K608,software,The V,712020:f14fa11e-5d60-4d0e-822f-5f18b8a6cfa0,Your first project,Medium,Done,,,Bilal Ashrafov,712020:72f6c6d8-61d4-42d7-9554-95c2403d3b14,Bilal Ashrafov,712020:72f6c6d8-61d4-42d7-9554-95c2403d3b14,13/Mar/26 10:53 AM,14/Apr/26 11:37 AM,,14/Apr/26 11:37 AM,,0,,,,,"Reach out to relevant member associations of the Chamber of Agriculture of the Republic of Lithuania (Žemės ūkio rūmai – zur.lt/members/) to recruit farmers for our user research interviews.

*Source:* https://zur.lt/members/

*Priority contacts (national-level, broad farmer reach):*

* Lithuanian Farmers' Association (Lietuvos ūkininkų draugija)
* Lithuanian Family Farmers' Union (seimosukiai.lt)
* Lithuanian Association of Organic Farms (LEUA)
* Lithuanian Young Farmers and Youth Union (jujs.lt)
* Lithuanian Association of Agricultural Cooperatives ""Kooperacijos kelias"" (koopkelias.lt)
* Local Action Groups Network

*Sector-specific associations:*

* Lithuanian Vegetable Growers Association (ldaa.lt)
* Lithuanian Cattle Breeders Association (holstein.lt)
* Lithuanian Pig Breeders Association (kiaules.lt)
* Lithuanian Sheep Breeders Association (aviuaugintojai.lt)
* Lithuanian Seed Production Association (seklininkyste.lt)
* Lithuanian Greenhouse Association
* Kaunas Beekeepers Association
* Winegrowers Association (vynuogininkuasociacija.lt)

*Regional farmer associations:*

* Ukmergė, Šakiai, Ignalina, Šalčininkai, Biržai, Skuodas district farmers' associations

*Actions:*

# Draft outreach message (in Lithuanian) introducing the Regulatory Compliance Navigator project and requesting interview participation
# Prioritize associations most likely to connect us with small-to-medium farmers navigating CAP compliance
# Send outreach emails/messages and track responses
# Schedule interviews with willing participants",,Bilal Ashrafov,712020:72f6c6d8-61d4-42d7-9554-95c2403d3b14,,,,,,,,,{},,0|i0003w:,SCRUM questions Sprint 2,,,,,,,"13/Mar/26 11:03 AM;712020:72f6c6d8-61d4-42d7-9554-95c2403d3b14;⚠️ *NOTE TO TEAM*: Please translate this message into Lithuanian before sending.

Subject: Quick Request: Farmer Interviews for KTU Student Research on CAP Compliance

Dear [Association Name],

We're a KTU student team building a digital tool to help Lithuanian farmers manage EU regulatory compliance (CAP). We're looking for farmers willing to do a short (15–20 min) interview about their compliance experience.

Could you help by forwarding our request to your members or connecting us with a few willing participants? Interviews can be in Lithuanian, by phone or video call.

We'd be happy to share our research findings with your association afterward.

Thank you!

[Your Name]
KTU – Product Development Project K608
[Email] | [Phone]",,,,Done,14/Apr/26 11:37 AM
Compile final market analysis report and link in Jira,SCRUM-64,10263,Subtask,Done,SCRUM,K608,software,The V,712020:f14fa11e-5d60-4d0e-822f-5f18b8a6cfa0,Your first project,Medium,Done,Maksym Sviatnyi,712020:13edebc4-169a-4e06-9eaa-451f0c9d1ca5,Maksym Sviatnyi,712020:13edebc4-169a-4e06-9eaa-451f0c9d1ca5,Maksym Sviatnyi,712020:13edebc4-169a-4e06-9eaa-451f0c9d1ca5,09/Mar/26 11:57 AM,14/Apr/26 11:40 AM,,14/Apr/26 11:40 AM,,0,,,,,"Compile all research (TAM/SAM/SOM, market trends, competitor profiles, comparison matrix, supplier analysis, risk map) into a final market analysis report.\n\nThe report should include:\n- Executive summary\n- Market sizing with sources\n- Competitor landscape overview and feature matrix\n- Supplier overview with risk assessment\n- Key insights and recommendations for product strategy\n\nPublish to Confluence or share as a document and link it in the SCRUM-16 Jira issue.",,Maksym Sviatnyi,712020:13edebc4-169a-4e06-9eaa-451f0c9d1ca5,,,,,,,,,{},,0|i000dz:,SCRUM questions Sprint 1,SCRUM questions Sprint 2,,,,,,,10123,SCRUM-16,"Market analysis, competitor and supplier analysis",Done,14/Apr/26 11:40 AM
Map supplier risks and dependencies with mitigation strategies,SCRUM-63,10261,Subtask,Done,SCRUM,K608,software,The V,712020:f14fa11e-5d60-4d0e-822f-5f18b8a6cfa0,Your first project,Medium,Done,Maksym Sviatnyi,712020:13edebc4-169a-4e06-9eaa-451f0c9d1ca5,Maksym Sviatnyi,712020:13edebc4-169a-4e06-9eaa-451f0c9d1ca5,Maksym Sviatnyi,712020:13edebc4-169a-4e06-9eaa-451f0c9d1ca5,09/Mar/26 11:57 AM,14/Apr/26 11:40 AM,,14/Apr/26 11:40 AM,,0,,,,,"Map out supplier risks and dependencies for the platform. Consider:\n\n- Single points of failure (e.g., reliance on one data source)\n- API availability and rate limits\n- Data access restrictions by Member States\n- Cost scalability as we expand across EU\n- Regulatory/legal risks around data usage\n\nPropose mitigation strategies for critical risks.",,Maksym Sviatnyi,712020:13edebc4-169a-4e06-9eaa-451f0c9d1ca5,,,,,,,,,{},,0|i000dr:,SCRUM questions Sprint 1,SCRUM questions Sprint 2,,,,,,,10123,SCRUM-16,"Market analysis, competitor and supplier analysis",Done,14/Apr/26 11:40 AM
Identify and evaluate key technology and data suppliers,SCRUM-62,10259,Subtask,Done,SCRUM,K608,software,The V,712020:f14fa11e-5d60-4d0e-822f-5f18b8a6cfa0,Your first project,Medium,Done,Maksym Sviatnyi,712020:13edebc4-169a-4e06-9eaa-451f0c9d1ca5,Maksym Sviatnyi,712020:13edebc4-169a-4e06-9eaa-451f0c9d1ca5,Maksym Sviatnyi,712020:13edebc4-169a-4e06-9eaa-451f0c9d1ca5,09/Mar/26 11:57 AM,14/Apr/26 11:40 AM,,14/Apr/26 11:40 AM,,0,,,,,"Identify and evaluate key suppliers needed to build the Regulatory Compliance Navigator:\n\n- Data suppliers: EU regulatory databases, LPIS/IACS systems, satellite monitoring providers (e.g., Copernicus/Sentinel)\n- Technology suppliers: cloud hosting (AWS/Azure/GCP), translation APIs, analytics engines\n- Integration partners: National Paying Agencies, existing farm management systems\n\nFor each supplier, document: capabilities, pricing (where available), integration complexity, and risks/dependencies.",,Maksym Sviatnyi,712020:13edebc4-169a-4e06-9eaa-451f0c9d1ca5,,,,,,,,,{},,0|i000dj:,SCRUM questions Sprint 1,SCRUM questions Sprint 2,,,,,,,10123,SCRUM-16,"Market analysis, competitor and supplier analysis",Done,14/Apr/26 11:40 AM
Create competitor feature comparison matrix,SCRUM-61,10257,Subtask,Done,SCRUM,K608,software,The V,712020:f14fa11e-5d60-4d0e-822f-5f18b8a6cfa0,Your first project,Medium,Done,Maksym Sviatnyi,712020:13edebc4-169a-4e06-9eaa-451f0c9d1ca5,Maksym Sviatnyi,712020:13edebc4-169a-4e06-9eaa-451f0c9d1ca5,Maksym Sviatnyi,712020:13edebc4-169a-4e06-9eaa-451f0c9d1ca5,09/Mar/26 11:57 AM,14/Apr/26 11:40 AM,,14/Apr/26 11:40 AM,,0,,,,,"Build a feature comparison matrix comparing our Regulatory Compliance Navigator against the identified competitors. Include columns for:\n\n- Compliance automation (SMR/GAEC tracking)\n- Multi-language support\n- Cross-Member-State coverage\n- Real-time alerts and monitoring\n- Report generation for National Paying Agencies\n- Pricing model\n- Target user segment\n\nHighlight our competitive advantages (interdisciplinary approach, human-system interaction focus, plain-language translation of legal jargon).",,Maksym Sviatnyi,712020:13edebc4-169a-4e06-9eaa-451f0c9d1ca5,,,,,,,,,{},,0|i000db:,SCRUM questions Sprint 1,SCRUM questions Sprint 2,,,,,,,10123,SCRUM-16,"Market analysis, competitor and supplier analysis",Done,14/Apr/26 11:40 AM
Identify and profile at least 5 competitors,SCRUM-60,10255,Subtask,Done,SCRUM,K608,software,The V,712020:f14fa11e-5d60-4d0e-822f-5f18b8a6cfa0,Your first project,Medium,Done,Maksym Sviatnyi,712020:13edebc4-169a-4e06-9eaa-451f0c9d1ca5,Maksym Sviatnyi,712020:13edebc4-169a-4e06-9eaa-451f0c9d1ca5,Maksym Sviatnyi,712020:13edebc4-169a-4e06-9eaa-451f0c9d1ca5,09/Mar/26 11:57 AM,14/Apr/26 11:40 AM,,14/Apr/26 11:40 AM,,0,,,,,"Identify and analyze at least 5 competitors in the EU agricultural compliance space. Include both:\n\n- Direct competitors: existing compliance automation platforms\n- Indirect competitors: agricultural consultants, general farm management software (FMS), government portals\n\nFor each competitor, document: product features, target market, pricing model, strengths, and weaknesses.",,Maksym Sviatnyi,712020:13edebc4-169a-4e06-9eaa-451f0c9d1ca5,,,,,,,,,{},,0|i000d3:,SCRUM questions Sprint 1,SCRUM questions Sprint 2,,,,,,,10123,SCRUM-16,"Market analysis, competitor and supplier analysis",Done,14/Apr/26 11:40 AM
Research and document EU agricultural compliance market trends,SCRUM-59,10253,Subtask,Done,SCRUM,K608,software,The V,712020:f14fa11e-5d60-4d0e-822f-5f18b8a6cfa0,Your first project,Medium,Done,Maksym Sviatnyi,712020:13edebc4-169a-4e06-9eaa-451f0c9d1ca5,Maksym Sviatnyi,712020:13edebc4-169a-4e06-9eaa-451f0c9d1ca5,Maksym Sviatnyi,712020:13edebc4-169a-4e06-9eaa-451f0c9d1ca5,09/Mar/26 11:57 AM,14/Apr/26 11:40 AM,,14/Apr/26 11:40 AM,,0,,,,,"Research market trends affecting the EU agricultural compliance space:\n\n- EU CAP simplification efforts (2024-2025 emergency measures, farms under 10ha exemptions)\n- Digital agriculture adoption rates across Member States\n- Satellite-based monitoring expansion (e.g., CAPCON service in Lithuania)\n- Farmer reliance on paid consultants for administrative tasks\n- Emerging circular/green economy regulations\n\nSummarize key trends with supporting data and sources.",,Maksym Sviatnyi,712020:13edebc4-169a-4e06-9eaa-451f0c9d1ca5,,,,,,,,,{},,0|i000cv:,SCRUM questions Sprint 1,SCRUM questions Sprint 2,,,,,,,10123,SCRUM-16,"Market analysis, competitor and supplier analysis",Done,14/Apr/26 11:40 AM
Estimate TAM/SAM/SOM for EU agricultural compliance market,SCRUM-58,10251,Subtask,Done,SCRUM,K608,software,The V,712020:f14fa11e-5d60-4d0e-822f-5f18b8a6cfa0,Your first project,Medium,Done,Maksym Sviatnyi,712020:13edebc4-169a-4e06-9eaa-451f0c9d1ca5,Maksym Sviatnyi,712020:13edebc4-169a-4e06-9eaa-451f0c9d1ca5,Maksym Sviatnyi,712020:13edebc4-169a-4e06-9eaa-451f0c9d1ca5,09/Mar/26 11:56 AM,14/Apr/26 11:40 AM,,14/Apr/26 11:40 AM,,0,,,,,"Research and estimate the Total Addressable Market (TAM), Serviceable Addressable Market (SAM), and Serviceable Obtainable Market (SOM) for the Regulatory Compliance Navigator.\n\n- TAM: EU-wide agricultural compliance software/services across all 27 Member States\n- SAM: Countries with similar digital infrastructure and CAP implementation to Lithuania\n- SOM: Lithuania as pilot market (~150,300 holdings)\n\nCite all data sources. Include market size in EUR where possible.",,Maksym Sviatnyi,712020:13edebc4-169a-4e06-9eaa-451f0c9d1ca5,,,,,,,,,{},,0|i000cn:,SCRUM questions Sprint 1,SCRUM questions Sprint 2,,,,,,,10123,SCRUM-16,"Market analysis, competitor and supplier analysis",Done,14/Apr/26 11:40 AM
Create Google Form with Lithuanian-translated questions,SCRUM-57,10249,Subtask,Done,SCRUM,K608,software,The V,712020:f14fa11e-5d60-4d0e-822f-5f18b8a6cfa0,Your first project,Medium,Done,Maksym Sviatnyi,712020:13edebc4-169a-4e06-9eaa-451f0c9d1ca5,Maksym Sviatnyi,712020:13edebc4-169a-4e06-9eaa-451f0c9d1ca5,Maksym Sviatnyi,712020:13edebc4-169a-4e06-9eaa-451f0c9d1ca5,09/Mar/26 11:52 AM,13/Mar/26 9:39 AM,,13/Mar/26 9:39 AM,,0,,,,,"Create a Google Form using the Lithuanian-translated interview questions. Structure the form to match the interview guide sections (Farm Context, Compliance Experience, Current Solutions, Solution Interest & WTP). Include appropriate question types (short answer, paragraph, multiple choice where relevant). Ensure the form is shareable and ready for distribution to farmers.",,Maksym Sviatnyi,712020:13edebc4-169a-4e06-9eaa-451f0c9d1ca5,,,,,,,,,{},,0|i000cf:,SCRUM questions Sprint 2,,,,,,,,10122,SCRUM-15,Updated questionnaire for interview of farmers,Done,13/Mar/26 9:39 AM
Translate interview questions into Lithuanian,SCRUM-56,10247,Subtask,Done,SCRUM,K608,software,The V,712020:f14fa11e-5d60-4d0e-822f-5f18b8a6cfa0,Your first project,Medium,Done,Maksym Sviatnyi,712020:13edebc4-169a-4e06-9eaa-451f0c9d1ca5,Maksym Sviatnyi,712020:13edebc4-169a-4e06-9eaa-451f0c9d1ca5,Maksym Sviatnyi,712020:13edebc4-169a-4e06-9eaa-451f0c9d1ca5,09/Mar/26 11:52 AM,13/Mar/26 9:38 AM,,13/Mar/26 9:38 AM,,0,,,,,Translate the finalized interview guide questions and probes from English into Lithuanian. Ensure the translation sounds natural and conversational for Lithuanian-speaking farmers. Have a native speaker review the translation for accuracy and tone.,,Maksym Sviatnyi,712020:13edebc4-169a-4e06-9eaa-451f0c9d1ca5,,,,,,,,,{},,0|i000c7:,SCRUM questions Sprint 2,,,,,,,,10122,SCRUM-15,Updated questionnaire for interview of farmers,Done,13/Mar/26 9:38 AM
Add links to interview guide and notes template in Jira,SCRUM-55,10245,Subtask,Done,SCRUM,K608,software,The V,712020:f14fa11e-5d60-4d0e-822f-5f18b8a6cfa0,Your first project,Medium,Done,Maksym Sviatnyi,712020:13edebc4-169a-4e06-9eaa-451f0c9d1ca5,Maksym Sviatnyi,712020:13edebc4-169a-4e06-9eaa-451f0c9d1ca5,Maksym Sviatnyi,712020:13edebc4-169a-4e06-9eaa-451f0c9d1ca5,09/Mar/26 11:46 AM,13/Mar/26 9:38 AM,,13/Mar/26 9:38 AM,,0,,,,,"Upload the finalized interview guide and notes template to a shared location (e.g., Confluence or Google Drive) and add the links to the SCRUM-15 Jira issue description or comments for easy team access.",,Maksym Sviatnyi,712020:13edebc4-169a-4e06-9eaa-451f0c9d1ca5,,,,,,,,,{},,0|i000bz:,SCRUM questions Sprint 2,,,,,,,,10122,SCRUM-15,Updated questionnaire for interview of farmers,Done,13/Mar/26 9:38 AM
Get team review and approval of the interview guide,SCRUM-54,10243,Subtask,Done,SCRUM,K608,software,The V,712020:f14fa11e-5d60-4d0e-822f-5f18b8a6cfa0,Your first project,Medium,Done,Maksym Sviatnyi,712020:13edebc4-169a-4e06-9eaa-451f0c9d1ca5,Maksym Sviatnyi,712020:13edebc4-169a-4e06-9eaa-451f0c9d1ca5,Maksym Sviatnyi,712020:13edebc4-169a-4e06-9eaa-451f0c9d1ca5,09/Mar/26 11:46 AM,13/Mar/26 9:38 AM,,13/Mar/26 9:38 AM,,0,,,,,Share the interview guide with the team for review. Collect feedback and incorporate any necessary changes. Get explicit approval from the team before proceeding with further interviews.,,Maksym Sviatnyi,712020:13edebc4-169a-4e06-9eaa-451f0c9d1ca5,,,,,,,,,{},,0|i000br:,SCRUM questions Sprint 2,,,,,,,,10122,SCRUM-15,Updated questionnaire for interview of farmers,Done,13/Mar/26 9:38 AM
Refine guide and notes template based on pilot feedback,SCRUM-53,10241,Subtask,Done,SCRUM,K608,software,The V,712020:f14fa11e-5d60-4d0e-822f-5f18b8a6cfa0,Your first project,Medium,Done,Maksym Sviatnyi,712020:13edebc4-169a-4e06-9eaa-451f0c9d1ca5,Maksym Sviatnyi,712020:13edebc4-169a-4e06-9eaa-451f0c9d1ca5,Maksym Sviatnyi,712020:13edebc4-169a-4e06-9eaa-451f0c9d1ca5,09/Mar/26 11:46 AM,13/Mar/26 9:38 AM,,13/Mar/26 9:38 AM,,0,,,,,"Based on findings from the pilot interview, refine the interview guide (adjust questions, probes, timing) and update the notes template to better capture relevant data. Document what changes were made and why.",,Maksym Sviatnyi,712020:13edebc4-169a-4e06-9eaa-451f0c9d1ca5,,,,,,,,,{},,0|i000bj:,SCRUM questions Sprint 2,,,,,,,,10122,SCRUM-15,Updated questionnaire for interview of farmers,Done,13/Mar/26 9:38 AM
Conduct pilot interview with at least 1 farmer,SCRUM-52,10239,Subtask,Done,SCRUM,K608,software,The V,712020:f14fa11e-5d60-4d0e-822f-5f18b8a6cfa0,Your first project,Medium,Done,Maksym Sviatnyi,712020:13edebc4-169a-4e06-9eaa-451f0c9d1ca5,Maksym Sviatnyi,712020:13edebc4-169a-4e06-9eaa-451f0c9d1ca5,Maksym Sviatnyi,712020:13edebc4-169a-4e06-9eaa-451f0c9d1ca5,09/Mar/26 11:46 AM,13/Mar/26 9:38 AM,,13/Mar/26 9:38 AM,,0,,,,,Conduct at least 1 pilot interview with a farmer using the prepared interview guide and notes template. Document the full interview using the notes template. Record timing to verify the interview fits within the 20-minute target.,,Maksym Sviatnyi,712020:13edebc4-169a-4e06-9eaa-451f0c9d1ca5,,,,,,,,,{},,0|i000bb:,SCRUM questions Sprint 2,,,,,,,,10122,SCRUM-15,Updated questionnaire for interview of farmers,Done,13/Mar/26 9:38 AM
Create interview notes template for consistent documentation,SCRUM-51,10237,Subtask,Done,SCRUM,K608,software,The V,712020:f14fa11e-5d60-4d0e-822f-5f18b8a6cfa0,Your first project,Medium,Done,Maksym Sviatnyi,712020:13edebc4-169a-4e06-9eaa-451f0c9d1ca5,Maksym Sviatnyi,712020:13edebc4-169a-4e06-9eaa-451f0c9d1ca5,Maksym Sviatnyi,712020:13edebc4-169a-4e06-9eaa-451f0c9d1ca5,09/Mar/26 11:45 AM,13/Mar/26 9:38 AM,,13/Mar/26 9:38 AM,,0,,,,,"Design a structured notes template for consistent documentation across all farmer interviews. Should include fields for farmer profile, key quotes, pain points identified, current tools used, willingness to pay signals, and follow-up actions.",,Maksym Sviatnyi,712020:13edebc4-169a-4e06-9eaa-451f0c9d1ca5,,,,,,,,,{},,0|i000b3:,SCRUM questions Sprint 2,,,,,,,,10122,SCRUM-15,Updated questionnaire for interview of farmers,Done,13/Mar/26 9:38 AM
Prepare opening and closing scripts,SCRUM-50,10235,Subtask,Done,SCRUM,K608,software,The V,712020:f14fa11e-5d60-4d0e-822f-5f18b8a6cfa0,Your first project,Medium,Done,Maksym Sviatnyi,712020:13edebc4-169a-4e06-9eaa-451f0c9d1ca5,Maksym Sviatnyi,712020:13edebc4-169a-4e06-9eaa-451f0c9d1ca5,Maksym Sviatnyi,712020:13edebc4-169a-4e06-9eaa-451f0c9d1ca5,09/Mar/26 11:45 AM,13/Mar/26 9:38 AM,,13/Mar/26 9:38 AM,,0,,,,,"Write natural-sounding opening and closing scripts for the interview. Opening should cover introduction, purpose, confidentiality, and consent for note-taking/recording. Closing should include wrap-up, open-ended final question, and permission for follow-up contact.",,Maksym Sviatnyi,712020:13edebc4-169a-4e06-9eaa-451f0c9d1ca5,,,,,,,,,{},,0|i000av:,SCRUM questions Sprint 2,,,,,,,,10122,SCRUM-15,Updated questionnaire for interview of farmers,Done,13/Mar/26 9:38 AM
Draft interview guide with open-ended questions organized by theme,SCRUM-49,10233,Subtask,Done,SCRUM,K608,software,The V,712020:f14fa11e-5d60-4d0e-822f-5f18b8a6cfa0,Your first project,Medium,Done,Maksym Sviatnyi,712020:13edebc4-169a-4e06-9eaa-451f0c9d1ca5,Maksym Sviatnyi,712020:13edebc4-169a-4e06-9eaa-451f0c9d1ca5,Maksym Sviatnyi,712020:13edebc4-169a-4e06-9eaa-451f0c9d1ca5,09/Mar/26 11:45 AM,13/Mar/26 9:37 AM,,13/Mar/26 9:37 AM,,0,,,,,Create the semi-structured interview guide covering all sections:\n- Farm Context & CAP Engagement\n- Compliance Experience\n- Current Solutions & Workarounds\n- Solution Interest & Willingness to Pay\n\nEnsure questions are open-ended and allow flexibility for follow-up probing.,,Maksym Sviatnyi,712020:13edebc4-169a-4e06-9eaa-451f0c9d1ca5,,,,,,,,,{},,0|i000an:,SCRUM questions Sprint 2,,,,,,,,10122,SCRUM-15,Updated questionnaire for interview of farmers,Done,13/Mar/26 9:37 AM
Configurable Reminder Schedule,SCRUM-48,10199,Story,Done,SCRUM,K608,software,The V,712020:f14fa11e-5d60-4d0e-822f-5f18b8a6cfa0,Your first project,Medium,Done,The V,712020:f14fa11e-5d60-4d0e-822f-5f18b8a6cfa0,The V,712020:f14fa11e-5d60-4d0e-822f-5f18b8a6cfa0,The V,712020:f14fa11e-5d60-4d0e-822f-5f18b8a6cfa0,05/Mar/26 2:00 PM,13/Apr/26 4:37 PM,05/Mar/26 2:18 PM,13/Apr/26 4:37 PM,,0,"notifications,deadlines,settings",,,,"As a farmer, I want deadline reminders with configurable schedule so notifications match my workflow.



Acceptance Criteria:

- User can configure reminder offsets (for example 14/7/1 days before deadline).

- Reminders respect user timezone settings.

- Disabling reminders immediately stops future reminder triggers.",,The V,712020:f14fa11e-5d60-4d0e-822f-5f18b8a6cfa0,,,,,,,,,{},,0|i00086:d,SCRUM questions Sprint 3,,,3.0,,,,,10166,SCRUM-27,Deadline Reminders and Notifications,Done,13/Apr/26 4:37 PM
Export Immutable Audit Logs,SCRUM-47,10198,Story,In Progress,SCRUM,K608,software,The V,712020:f14fa11e-5d60-4d0e-822f-5f18b8a6cfa0,Your first project,Medium,,The V,712020:f14fa11e-5d60-4d0e-822f-5f18b8a6cfa0,The V,712020:f14fa11e-5d60-4d0e-822f-5f18b8a6cfa0,The V,712020:f14fa11e-5d60-4d0e-822f-5f18b8a6cfa0,05/Mar/26 2:00 PM,13/Apr/26 5:21 PM,05/Mar/26 2:01 PM,,,0,"audit,logging,compliance",,,,"As a system admin, I want immutable audit export so I can provide evidence during inspections.



Acceptance Criteria:

- Export supports date-range selection and CSV/JSON output.

- Export includes key events: login, profile update, report submit, sync actions.

- Export action itself is audit logged.",,The V,712020:f14fa11e-5d60-4d0e-822f-5f18b8a6cfa0,,,,,,,,,{},,0|i000a7:,SCRUM questions Sprint 4,,,8.0,,,,,10167,SCRUM-28,Audit Logging and Traceability,In Progress,13/Apr/26 5:21 PM
In-App Help Ticket Submission,SCRUM-46,10197,Story,Done,SCRUM,K608,software,The V,712020:f14fa11e-5d60-4d0e-822f-5f18b8a6cfa0,Your first project,Medium,Done,The V,712020:f14fa11e-5d60-4d0e-822f-5f18b8a6cfa0,The V,712020:f14fa11e-5d60-4d0e-822f-5f18b8a6cfa0,The V,712020:f14fa11e-5d60-4d0e-822f-5f18b8a6cfa0,05/Mar/26 2:00 PM,13/Apr/26 4:37 PM,05/Mar/26 2:01 PM,13/Apr/26 4:37 PM,,0,"support,helpdesk,ux",,,,"As a farmer, I want in-app help ticket entry so I can get support when I am stuck.



Acceptance Criteria:

- User can submit ticket with category, message, and optional screenshot.

- Ticket submission returns confirmation ID to user.

- User can view own ticket history and status.",,The V,712020:f14fa11e-5d60-4d0e-822f-5f18b8a6cfa0,,,,,,,,,{},,0|i00086:b,SCRUM questions Sprint 3,,,8.0,,,,,10160,SCRUM-21,Mobile App Foundation,Done,13/Apr/26 4:37 PM
Regulation Change Feed,SCRUM-45,10196,Story,Done,SCRUM,K608,software,The V,712020:f14fa11e-5d60-4d0e-822f-5f18b8a6cfa0,Your first project,Medium,Done,The V,712020:f14fa11e-5d60-4d0e-822f-5f18b8a6cfa0,The V,712020:f14fa11e-5d60-4d0e-822f-5f18b8a6cfa0,The V,712020:f14fa11e-5d60-4d0e-822f-5f18b8a6cfa0,05/Mar/26 2:00 PM,13/Apr/26 4:37 PM,05/Mar/26 2:02 PM,13/Apr/26 4:37 PM,,0,"regulations,notifications,compliance",,,,"As a farmer, I want a rule-change feed so I can see what changed in CAP requirements.



Acceptance Criteria:

- Feed lists changes with effective date and summary.

- System tracks read/unread state per user.

- Feed items deep-link to impacted tasks or guidance pages.",,The V,712020:f14fa11e-5d60-4d0e-822f-5f18b8a6cfa0,,,,,,,,,{},,0|i00086:9,SCRUM questions Sprint 3,,,5.0,,,,,10163,SCRUM-24,Compliance Tasks Module,Done,13/Apr/26 4:37 PM
Multi-language Interface and Content,SCRUM-44,10195,Story,In Progress,SCRUM,K608,software,The V,712020:f14fa11e-5d60-4d0e-822f-5f18b8a6cfa0,Your first project,Medium,,The V,712020:f14fa11e-5d60-4d0e-822f-5f18b8a6cfa0,The V,712020:f14fa11e-5d60-4d0e-822f-5f18b8a6cfa0,The V,712020:f14fa11e-5d60-4d0e-822f-5f18b8a6cfa0,05/Mar/26 2:00 PM,13/Apr/26 5:21 PM,18/Mar/26 9:19 AM,,,0,"i18n,ux,localization",,,,"As a farmer, I want multilingual UI and content so I can use the app in my preferred language.



Acceptance Criteria:

- User can select language in settings.

- Selected language persists across app restart/login session.

- Release build blocks unresolved translation keys.",,The V,712020:f14fa11e-5d60-4d0e-822f-5f18b8a6cfa0,,,,,,,,,{},,0|i00086:i,SCRUM questions Sprint 4,,,8.0,,,,,10160,SCRUM-21,Mobile App Foundation,In Progress,13/Apr/26 5:21 PM
Advisor Delegated Access,SCRUM-43,10194,Story,In Progress,SCRUM,K608,software,The V,712020:f14fa11e-5d60-4d0e-822f-5f18b8a6cfa0,Your first project,Medium,,The V,712020:f14fa11e-5d60-4d0e-822f-5f18b8a6cfa0,The V,712020:f14fa11e-5d60-4d0e-822f-5f18b8a6cfa0,The V,712020:f14fa11e-5d60-4d0e-822f-5f18b8a6cfa0,05/Mar/26 2:00 PM,13/Apr/26 5:21 PM,13/Apr/26 4:48 PM,,,0,"auth,roles,advisors",,,,"As an advisor, I want delegated access to a farmer account so I can help prepare reports.



Acceptance Criteria:

- Farmer can invite and revoke advisor access by email.

- Advisor role supports scoped permissions (read-only, edit).

- All advisor actions are audit logged with actor identity.",,The V,712020:f14fa11e-5d60-4d0e-822f-5f18b8a6cfa0,,,,,,,,,{},,0|i0009b:,SCRUM questions Sprint 4,,,13.0,,,,,10161,SCRUM-22,Identity and Access,In Progress,13/Apr/26 5:21 PM
Task Risk and Penalty Explanation,SCRUM-42,10193,Story,Done,SCRUM,K608,software,The V,712020:f14fa11e-5d60-4d0e-822f-5f18b8a6cfa0,Your first project,Medium,Done,The V,712020:f14fa11e-5d60-4d0e-822f-5f18b8a6cfa0,The V,712020:f14fa11e-5d60-4d0e-822f-5f18b8a6cfa0,The V,712020:f14fa11e-5d60-4d0e-822f-5f18b8a6cfa0,05/Mar/26 2:00 PM,18/Mar/26 8:23 AM,11/Mar/26 9:38 AM,18/Mar/26 8:23 AM,,0,"tasks,risk,ux",,,,"As a farmer, I want in-app explanations of penalties and risk level so I can prioritize high-impact tasks.



Acceptance Criteria:

- Each task displays risk level: low, medium, or high.

- Task detail includes plain-language penalty/risk explanation.

- Risk content is configurable from backend content source.",,The V,712020:f14fa11e-5d60-4d0e-822f-5f18b8a6cfa0,,,,,,,,,{},,0|i0004e:8,SCRUM questions Sprint 2,,,5.0,,,,,10163,SCRUM-24,Compliance Tasks Module,Done,18/Mar/26 8:23 AM
Monthly Compliance Calendar View,SCRUM-41,10192,Story,Done,SCRUM,K608,software,The V,712020:f14fa11e-5d60-4d0e-822f-5f18b8a6cfa0,Your first project,Medium,Done,The V,712020:f14fa11e-5d60-4d0e-822f-5f18b8a6cfa0,The V,712020:f14fa11e-5d60-4d0e-822f-5f18b8a6cfa0,The V,712020:f14fa11e-5d60-4d0e-822f-5f18b8a6cfa0,05/Mar/26 2:00 PM,16/Mar/26 12:16 PM,,16/Mar/26 12:16 PM,,0,"tasks,calendar,deadlines",,,,"As a farmer, I want a monthly compliance calendar view so I can plan work around deadlines.



Acceptance Criteria:

- Calendar shows deadlines with status-based color coding.

- Tapping a day opens linked compliance tasks.

- Overdue tasks remain visible until completed.",,The V,712020:f14fa11e-5d60-4d0e-822f-5f18b8a6cfa0,,,,,,,,,{},,0|i0004d:i,SCRUM questions Sprint 2,,,5.0,,,,,10163,SCRUM-24,Compliance Tasks Module,Done,16/Mar/26 12:16 PM
Resolve Sync Conflicts After Offline Mode,SCRUM-40,10191,Story,In Progress,SCRUM,K608,software,The V,712020:f14fa11e-5d60-4d0e-822f-5f18b8a6cfa0,Your first project,Medium,,The V,712020:f14fa11e-5d60-4d0e-822f-5f18b8a6cfa0,The V,712020:f14fa11e-5d60-4d0e-822f-5f18b8a6cfa0,The V,712020:f14fa11e-5d60-4d0e-822f-5f18b8a6cfa0,05/Mar/26 1:59 PM,13/Apr/26 5:21 PM,,,,0,"offline,sync,conflicts",,,,"As a farmer, I want conflict resolution after offline sync so I can choose correct values when data differs.



Acceptance Criteria:

- Conflict screen shows local and server values field-by-field.

- User can choose local or server value per conflicting field.

- Final merged result is saved, synced, and audit logged.",,The V,712020:f14fa11e-5d60-4d0e-822f-5f18b8a6cfa0,,,,,,,,,{},,0|i0008n:,SCRUM questions Sprint 4,,,8.0,,,,,10165,SCRUM-26,Offline Draft and Sync,In Progress,13/Apr/26 5:21 PM
Duplicate Previous Report as Draft,SCRUM-39,10190,Story,Done,SCRUM,K608,software,The V,712020:f14fa11e-5d60-4d0e-822f-5f18b8a6cfa0,Your first project,Medium,Done,The V,712020:f14fa11e-5d60-4d0e-822f-5f18b8a6cfa0,The V,712020:f14fa11e-5d60-4d0e-822f-5f18b8a6cfa0,The V,712020:f14fa11e-5d60-4d0e-822f-5f18b8a6cfa0,05/Mar/26 1:59 PM,16/Mar/26 12:16 PM,,16/Mar/26 12:16 PM,,0,"reporting,productivity,mvp",,,,"As a farmer, I want to duplicate last year’s report so I can submit faster.



Acceptance Criteria:

- Duplicate action creates a new editable draft with copied values.

- Mandatory period/date fields are reset for current cycle.

- Duplicated draft follows normal submit validation flow.",,The V,712020:f14fa11e-5d60-4d0e-822f-5f18b8a6cfa0,,,,,,,,,{},,0|i0004e:4,SCRUM questions Sprint 2,,,3.0,,,,,10164,SCRUM-25,Basic Report Workflow,Done,16/Mar/26 12:16 PM
OCR Prefill from Uploaded Documents,SCRUM-38,10189,Story,In Progress,SCRUM,K608,software,The V,712020:f14fa11e-5d60-4d0e-822f-5f18b8a6cfa0,Your first project,Medium,,The V,712020:f14fa11e-5d60-4d0e-822f-5f18b8a6cfa0,The V,712020:f14fa11e-5d60-4d0e-822f-5f18b8a6cfa0,The V,712020:f14fa11e-5d60-4d0e-822f-5f18b8a6cfa0,05/Mar/26 1:59 PM,13/Apr/26 5:21 PM,06/Mar/26 11:02 AM,,,0,"ocr,automation,reporting",,,,"As a farmer, I want OCR on uploaded documents so key fields are prefilled in reports.



Acceptance Criteria:

- OCR extracts core fields: document type, date, and identifier/reference.

- User can review and edit extracted values before saving.

- Low-confidence extraction is visibly flagged for manual confirmation.",,The V,712020:f14fa11e-5d60-4d0e-822f-5f18b8a6cfa0,,,,,,,,,{},,0|i00087:,SCRUM questions Sprint 4,,,8.0,,,,,10164,SCRUM-25,Basic Report Workflow,In Progress,13/Apr/26 5:21 PM
Upload Compliance Evidence Files,SCRUM-37,10188,Story,Done,SCRUM,K608,software,The V,712020:f14fa11e-5d60-4d0e-822f-5f18b8a6cfa0,Your first project,Medium,Done,The V,712020:f14fa11e-5d60-4d0e-822f-5f18b8a6cfa0,The V,712020:f14fa11e-5d60-4d0e-822f-5f18b8a6cfa0,The V,712020:f14fa11e-5d60-4d0e-822f-5f18b8a6cfa0,05/Mar/26 1:59 PM,13/Apr/26 4:37 PM,05/Mar/26 2:22 PM,13/Apr/26 4:37 PM,,0,"attachments,reporting,compliance",,,,"As a farmer, I want to upload photo/PDF evidence to a task so that I can prove compliance during checks.



Acceptance Criteria:

- User can attach photo or PDF up to configured size limit.

- Attachment is visible in task detail and report preview.

- Failed upload shows clear error and retry option.",,The V,712020:f14fa11e-5d60-4d0e-822f-5f18b8a6cfa0,,,,,,,,,{},,0|i0007z:,SCRUM questions Sprint 3,,,5.0,,,,,10164,SCRUM-25,Basic Report Workflow,Done,13/Apr/26 4:37 PM
Log Key Compliance Actions,SCRUM-36,10175,Story,Done,SCRUM,K608,software,The V,712020:f14fa11e-5d60-4d0e-822f-5f18b8a6cfa0,Your first project,Medium,Done,The V,712020:f14fa11e-5d60-4d0e-822f-5f18b8a6cfa0,The V,712020:f14fa11e-5d60-4d0e-822f-5f18b8a6cfa0,The V,712020:f14fa11e-5d60-4d0e-822f-5f18b8a6cfa0,05/Mar/26 1:38 PM,16/Mar/26 12:16 PM,05/Mar/26 1:49 PM,16/Mar/26 12:16 PM,,0,"audit,logging",,,,"As a system administrator, I want key user actions logged so that actions are traceable for compliance and support. AC: login/profile/report/sync events logged with user and timestamp; logs visible for debug/demo.",,The V,712020:f14fa11e-5d60-4d0e-822f-5f18b8a6cfa0,,,,,,,,,{},,0|i0004e:,SCRUM questions Sprint 2,,,3.0,,,,,10167,SCRUM-28,Audit Logging and Traceability,Done,16/Mar/26 12:16 PM
Deadline Reminder Notifications,SCRUM-35,10174,Story,Done,SCRUM,K608,software,The V,712020:f14fa11e-5d60-4d0e-822f-5f18b8a6cfa0,Your first project,Medium,Done,The V,712020:f14fa11e-5d60-4d0e-822f-5f18b8a6cfa0,The V,712020:f14fa11e-5d60-4d0e-822f-5f18b8a6cfa0,The V,712020:f14fa11e-5d60-4d0e-822f-5f18b8a6cfa0,05/Mar/26 1:38 PM,13/Apr/26 4:37 PM,,13/Apr/26 4:37 PM,,0,"notifications,deadlines",,,,"As a farmer, I want reminders for upcoming deadlines so that I do not miss compliance dates. AC: reminder before due date; tap opens task detail; reminders can be disabled.",,The V,712020:f14fa11e-5d60-4d0e-822f-5f18b8a6cfa0,,,,,,,,,{},,0|i00069:,SCRUM questions Sprint 3,,,3.0,,,,,10166,SCRUM-27,Deadline Reminders and Notifications,Done,13/Apr/26 4:37 PM
Save Report Draft Offline and Sync Later,SCRUM-34,10173,Story,Done,SCRUM,K608,software,The V,712020:f14fa11e-5d60-4d0e-822f-5f18b8a6cfa0,Your first project,High,Done,The V,712020:f14fa11e-5d60-4d0e-822f-5f18b8a6cfa0,The V,712020:f14fa11e-5d60-4d0e-822f-5f18b8a6cfa0,The V,712020:f14fa11e-5d60-4d0e-822f-5f18b8a6cfa0,05/Mar/26 1:38 PM,13/Apr/26 4:37 PM,,13/Apr/26 4:37 PM,,0,"offline,sync,mvp",,,,"As a farmer, I want to save report drafts offline and sync later so that poor connectivity does not block me. AC: save and reopen draft offline; queue unsent actions; auto-sync on reconnect with visible sync result.",,The V,712020:f14fa11e-5d60-4d0e-822f-5f18b8a6cfa0,,,,,,,,,{},,0|i0007b:,SCRUM questions Sprint 3,,,8.0,,,,,10165,SCRUM-26,Offline Draft and Sync,Done,13/Apr/26 4:37 PM
Submit Basic Compliance Report,SCRUM-33,10172,Story,Done,SCRUM,K608,software,The V,712020:f14fa11e-5d60-4d0e-822f-5f18b8a6cfa0,Your first project,High,Done,The V,712020:f14fa11e-5d60-4d0e-822f-5f18b8a6cfa0,The V,712020:f14fa11e-5d60-4d0e-822f-5f18b8a6cfa0,The V,712020:f14fa11e-5d60-4d0e-822f-5f18b8a6cfa0,05/Mar/26 1:38 PM,13/Apr/26 4:36 PM,06/Mar/26 11:02 AM,13/Apr/26 4:36 PM,,0,"reporting,mvp",,,,"As a farmer, I want to submit one basic compliance report so that I can complete required reporting digitally. AC: required fields validated; successful submit shows confirmation; item appears in history.",,The V,712020:f14fa11e-5d60-4d0e-822f-5f18b8a6cfa0,,,,,,,,,"{repository={count=1, dataType=repository}, json={""cachedValue"":{""errors"":[],""summary"":{""repository"":{""overall"":{""count"":1,""lastUpdated"":""2026-03-18T09:52:18.000+0200"",""dataType"":""repository""},""byInstanceType"":{""GitHub"":{""count"":1,""name"":""GitHub""}}}}},""isStale"":true}}",,0|i00073:,SCRUM questions Sprint 3,,,8.0,,,,,10164,SCRUM-25,Basic Report Workflow,Done,13/Apr/26 4:36 PM
Task Details in Plain Language,SCRUM-32,10171,Story,Done,SCRUM,K608,software,The V,712020:f14fa11e-5d60-4d0e-822f-5f18b8a6cfa0,Your first project,High,Done,The V,712020:f14fa11e-5d60-4d0e-822f-5f18b8a6cfa0,The V,712020:f14fa11e-5d60-4d0e-822f-5f18b8a6cfa0,The V,712020:f14fa11e-5d60-4d0e-822f-5f18b8a6cfa0,05/Mar/26 1:38 PM,18/Mar/26 8:23 AM,18/Mar/26 8:24 AM,18/Mar/26 8:23 AM,,0,"tasks,ux",,,,"As a farmer, I want plain-language instructions for each task so that I can complete compliance correctly. AC: what/when/why shown; non-legal language; backend-configurable content.",,The V,712020:f14fa11e-5d60-4d0e-822f-5f18b8a6cfa0,,,,,,,,,{},,0|i0004e:8i,SCRUM questions Sprint 2,,,5.0,,,,,10163,SCRUM-24,Compliance Tasks Module,Done,18/Mar/26 8:23 AM
Personalized Task List with Deadlines,SCRUM-31,10170,Story,Done,SCRUM,K608,software,The V,712020:f14fa11e-5d60-4d0e-822f-5f18b8a6cfa0,Your first project,High,Done,The V,712020:f14fa11e-5d60-4d0e-822f-5f18b8a6cfa0,The V,712020:f14fa11e-5d60-4d0e-822f-5f18b8a6cfa0,The V,712020:f14fa11e-5d60-4d0e-822f-5f18b8a6cfa0,05/Mar/26 1:38 PM,18/Mar/26 8:23 AM,11/Mar/26 9:46 AM,18/Mar/26 8:23 AM,,0,"tasks,mvp",,,,"As a farmer, I want to see my compliance tasks and deadlines so that I know what to do next. AC: list shows title/due date/status; overdue highlighted; content reflects profile rules.",,The V,712020:f14fa11e-5d60-4d0e-822f-5f18b8a6cfa0,,,,,,,,,{},,0|i0004e:7,SCRUM questions Sprint 2,,,8.0,,,,,10163,SCRUM-24,Compliance Tasks Module,Done,18/Mar/26 8:23 AM
Create and Edit Farm Profile,SCRUM-30,10169,Story,Done,SCRUM,K608,software,The V,712020:f14fa11e-5d60-4d0e-822f-5f18b8a6cfa0,Your first project,High,Done,The V,712020:f14fa11e-5d60-4d0e-822f-5f18b8a6cfa0,The V,712020:f14fa11e-5d60-4d0e-822f-5f18b8a6cfa0,The V,712020:f14fa11e-5d60-4d0e-822f-5f18b8a6cfa0,05/Mar/26 1:38 PM,18/Mar/26 11:17 AM,07/Mar/26 11:09 AM,16/Mar/26 12:16 PM,,0,"profile,mvp",,,,"As a farmer, I want to enter my farm details so that the app can show relevant compliance tasks. AC: create/edit profile; required field validation; local save and backend sync.",,The V,712020:f14fa11e-5d60-4d0e-822f-5f18b8a6cfa0,,,,,,,,,"{repository={count=1, dataType=repository}, json={""cachedValue"":{""errors"":[],""summary"":{""repository"":{""overall"":{""count"":1,""lastUpdated"":""2026-03-11T10:56:34.000+0200"",""dataType"":""repository""},""byInstanceType"":{""GitHub"":{""count"":1,""name"":""GitHub""}}}}},""isStale"":true}}",,0|i0003n:,SCRUM questions Sprint 2,,,5.0,,,,,10162,SCRUM-23,Farm Profile and Eligibility Inputs,Done,16/Mar/26 12:16 PM
Farmer Login and Session,SCRUM-29,10168,Story,Done,SCRUM,K608,software,The V,712020:f14fa11e-5d60-4d0e-822f-5f18b8a6cfa0,Your first project,High,Done,The V,712020:f14fa11e-5d60-4d0e-822f-5f18b8a6cfa0,The V,712020:f14fa11e-5d60-4d0e-822f-5f18b8a6cfa0,The V,712020:f14fa11e-5d60-4d0e-822f-5f18b8a6cfa0,05/Mar/26 1:38 PM,16/Mar/26 12:16 PM,06/Mar/26 11:01 AM,16/Mar/26 12:16 PM,,0,"auth,mvp",,,,"As a farmer, I want to log in securely so that I can access my compliance workspace. AC: valid login opens dashboard; invalid credentials show clear error; session restores after app restart.",,The V,712020:f14fa11e-5d60-4d0e-822f-5f18b8a6cfa0,,,,,,,,,"{repository={count=1, dataType=repository}, json={""cachedValue"":{""errors"":[],""summary"":{""repository"":{""overall"":{""count"":1,""lastUpdated"":""2026-03-11T10:56:34.000+0200"",""dataType"":""repository""},""byInstanceType"":{""GitHub"":{""count"":1,""name"":""GitHub""}}}}},""isStale"":true}}",,0|i0004b:,SCRUM questions Sprint 2,,,3.0,,,,,10161,SCRUM-22,Identity and Access,Done,16/Mar/26 12:16 PM
Audit Logging and Traceability,SCRUM-28,10167,Epic,To Do,SCRUM,K608,software,The V,712020:f14fa11e-5d60-4d0e-822f-5f18b8a6cfa0,Your first project,Medium,,,,The V,712020:f14fa11e-5d60-4d0e-822f-5f18b8a6cfa0,The V,712020:f14fa11e-5d60-4d0e-822f-5f18b8a6cfa0,05/Mar/26 1:38 PM,05/Mar/26 1:38 PM,05/Mar/26 1:55 PM,,,0,"audit,logging,compliance",,,,"Log key actions (login, profile update, report submit, sync) with user and timestamp.",,The V,712020:f14fa11e-5d60-4d0e-822f-5f18b8a6cfa0,,,,,,,,,{},,0|i0005z:,,,,,,,,,,,,To Do,05/Mar/26 1:38 PM
Deadline Reminders and Notifications,SCRUM-27,10166,Epic,To Do,SCRUM,K608,software,The V,712020:f14fa11e-5d60-4d0e-822f-5f18b8a6cfa0,Your first project,Medium,,,,The V,712020:f14fa11e-5d60-4d0e-822f-5f18b8a6cfa0,The V,712020:f14fa11e-5d60-4d0e-822f-5f18b8a6cfa0,05/Mar/26 1:38 PM,05/Mar/26 1:38 PM,,,,0,"notifications,deadlines",,,,Send reminders for upcoming deadlines and deep-link to task details.,,The V,712020:f14fa11e-5d60-4d0e-822f-5f18b8a6cfa0,,,,,,,,,{},,0|i0005r:,,,,,,,,,,,,To Do,05/Mar/26 1:38 PM
Offline Draft and Sync,SCRUM-26,10165,Epic,To Do,SCRUM,K608,software,The V,712020:f14fa11e-5d60-4d0e-822f-5f18b8a6cfa0,Your first project,High,,,,The V,712020:f14fa11e-5d60-4d0e-822f-5f18b8a6cfa0,The V,712020:f14fa11e-5d60-4d0e-822f-5f18b8a6cfa0,05/Mar/26 1:38 PM,05/Mar/26 1:38 PM,,,,0,"offline,sync,reliability",,,,"Support offline draft save, sync queue, retry, and basic conflict policy.",,The V,712020:f14fa11e-5d60-4d0e-822f-5f18b8a6cfa0,,,,,,,,,{},,0|i0005j:,,,,,,,,,,,,To Do,05/Mar/26 1:38 PM
Basic Report Workflow,SCRUM-25,10164,Epic,To Do,SCRUM,K608,software,The V,712020:f14fa11e-5d60-4d0e-822f-5f18b8a6cfa0,Your first project,High,,,,The V,712020:f14fa11e-5d60-4d0e-822f-5f18b8a6cfa0,The V,712020:f14fa11e-5d60-4d0e-822f-5f18b8a6cfa0,05/Mar/26 1:38 PM,05/Mar/26 1:38 PM,,,,0,"reporting,mvp",,,,Enable one basic compliance report submission with confirmation and history.,,The V,712020:f14fa11e-5d60-4d0e-822f-5f18b8a6cfa0,,,,,,,,,{},,0|i0005b:,,,,,,,,,,,,To Do,05/Mar/26 1:38 PM
Compliance Tasks Module,SCRUM-24,10163,Epic,To Do,SCRUM,K608,software,The V,712020:f14fa11e-5d60-4d0e-822f-5f18b8a6cfa0,Your first project,High,,,,The V,712020:f14fa11e-5d60-4d0e-822f-5f18b8a6cfa0,The V,712020:f14fa11e-5d60-4d0e-822f-5f18b8a6cfa0,05/Mar/26 1:38 PM,05/Mar/26 1:38 PM,05/Mar/26 2:40 PM,,,0,"compliance,tasks,ux",,,,Show personalized compliance tasks with due dates and plain-language guidance.,,The V,712020:f14fa11e-5d60-4d0e-822f-5f18b8a6cfa0,,,,,,,,,{},,0|i00053:,,,,,,,,,,,,To Do,05/Mar/26 1:38 PM
Farm Profile and Eligibility Inputs,SCRUM-23,10162,Epic,To Do,SCRUM,K608,software,The V,712020:f14fa11e-5d60-4d0e-822f-5f18b8a6cfa0,Your first project,High,,,,The V,712020:f14fa11e-5d60-4d0e-822f-5f18b8a6cfa0,The V,712020:f14fa11e-5d60-4d0e-822f-5f18b8a6cfa0,05/Mar/26 1:38 PM,05/Mar/26 1:38 PM,,,,0,"profile,rules-input",,,,Capture and sync farm profile data used for compliance task personalization.,,The V,712020:f14fa11e-5d60-4d0e-822f-5f18b8a6cfa0,,,,,,,,,{},,0|i0004v:,,,,,,,,,,,,To Do,05/Mar/26 1:38 PM
Identity and Access,SCRUM-22,10161,Epic,To Do,SCRUM,K608,software,The V,712020:f14fa11e-5d60-4d0e-822f-5f18b8a6cfa0,Your first project,High,,,,The V,712020:f14fa11e-5d60-4d0e-822f-5f18b8a6cfa0,The V,712020:f14fa11e-5d60-4d0e-822f-5f18b8a6cfa0,05/Mar/26 1:38 PM,05/Mar/26 1:38 PM,,,,0,"android,auth,security",,,,Implement secure login/logout and session persistence for farmers.,,The V,712020:f14fa11e-5d60-4d0e-822f-5f18b8a6cfa0,,,,,,,,,{},,0|i0004n:,,,,,,,,,,,,To Do,05/Mar/26 1:38 PM
Mobile App Foundation,SCRUM-21,10160,Epic,To Do,SCRUM,K608,software,The V,712020:f14fa11e-5d60-4d0e-822f-5f18b8a6cfa0,Your first project,High,,,,The V,712020:f14fa11e-5d60-4d0e-822f-5f18b8a6cfa0,The V,712020:f14fa11e-5d60-4d0e-822f-5f18b8a6cfa0,05/Mar/26 1:38 PM,05/Mar/26 1:38 PM,,,,0,"android,mvp,foundation",,,,"Establish Android app architecture and core navigation for MVP. Scope: project setup, navigation skeleton, global loading and error states, basic telemetry hooks.",,The V,712020:f14fa11e-5d60-4d0e-822f-5f18b8a6cfa0,,,,,,,,,{},,0|i0004f:,,,,,,,,,,,,To Do,05/Mar/26 1:38 PM
"Report - Point(s) 3, 3.1",SCRUM-17,10124,Task,Done,SCRUM,K608,software,The V,712020:f14fa11e-5d60-4d0e-822f-5f18b8a6cfa0,Your first project,Medium,Done,,,Bilal Ashrafov,712020:72f6c6d8-61d4-42d7-9554-95c2403d3b14,Bilal Ashrafov,712020:72f6c6d8-61d4-42d7-9554-95c2403d3b14,04/Mar/26 3:53 PM,21/Mar/26 6:58 PM,,21/Mar/26 6:58 PM,,0,,,,,,,Bilal Ashrafov,712020:72f6c6d8-61d4-42d7-9554-95c2403d3b14,,,,,,,,,{},,0|i0003v:,SCRUM questions Sprint 1,SCRUM questions Sprint 2,,,,,,,,,,Done,21/Mar/26 6:58 PM
"Market analysis, competitor and supplier analysis",SCRUM-16,10123,Task,Done,SCRUM,K608,software,The V,712020:f14fa11e-5d60-4d0e-822f-5f18b8a6cfa0,Your first project,Medium,Done,,,Bilal Ashrafov,712020:72f6c6d8-61d4-42d7-9554-95c2403d3b14,Bilal Ashrafov,712020:72f6c6d8-61d4-42d7-9554-95c2403d3b14,04/Mar/26 3:50 PM,14/Apr/26 11:39 AM,,13/Mar/26 9:36 AM,,0,,,,,"h2. *User Story*

As a product team, I want to conduct a thorough market analysis, competitor analysis, and supplier analysis for the Regulatory Compliance Navigator platform, so that we can validate the market opportunity, understand the competitive landscape in EU agricultural compliance, and identify key technology/data suppliers needed to build our solution.

----

h2. *Context*

Our platform — the Regulatory Compliance Navigator — is an integrated software platform that automates CAP (Common Agricultural Policy) compliance reporting and monitoring across EU Member States. Think ""TurboTax for agricultural sustainability."" The market analysis should focus on:

* EU-wide CAP compliance market (€98B in green economy incentives, 2023-2027)
* 28% of European farmers receive penalties for non-compliance (Swiss study, 2024)
* Up to 60% of administrative burden deemed unnecessary (EU CAP Network Study, 2025)
* ~150,300 holdings in Lithuania (pilot market), 45% small farms under 5 hectares

----

h2. *Scope*

h3. 1. Market Analysis

* Total Addressable Market (TAM): EU-wide agricultural compliance software/services market across all 27 Member States
* Serviceable Addressable Market (SAM): Countries with similar digital infrastructure to Lithuania
* Serviceable Obtainable Market (SOM): Lithuania as pilot market
* Market trends: EU simplification efforts (2024-2025 emergency measures), digital agriculture adoption, satellite-based monitoring (e.g., CAPCON in Lithuania)
* Target customer segments: small/medium farms, agricultural consultants, National Paying Agencies

h3. 2. Competitor Analysis

* Direct competitors: existing agricultural compliance platforms in the EU
* Indirect competitors: agricultural consultants, general farm management software (FMS), government portals
* Feature comparison matrix (compliance automation, multi-language, cross-Member-State support, real-time alerts)
* Pricing models and market positioning of competitors
* Competitive advantage: our interdisciplinary approach (informatics + communication studies), human-system interaction focus

h3. 3. Supplier Analysis

* Data suppliers: EU regulatory databases, LPIS/IACS systems, satellite monitoring providers
* Technology suppliers: cloud hosting, translation APIs, analytics engines
* Integration partners: National Paying Agencies, existing farm management systems
* Risks and dependencies for key suppliers

----

h2. *Acceptance Criteria*

✅ TAM/SAM/SOM estimated with data sources cited
✅ At least 5 competitors identified and analyzed in a comparison matrix
✅ Competitor strengths, weaknesses, and pricing documented
✅ Key technology and data suppliers identified with cost estimates where possible
✅ Supplier risks and dependencies mapped
✅ Market trends and opportunities summarized
✅ Final report/deliverable added to Confluence or shared in Jira

----

h2. *Definition of Done (DoD)*

✅ Epic connected
✅ Points for the story given
✅ All sub-tasks completed
✅ Acceptance criteria met
✅ Market analysis reviewed and approved by team
✅ Deliverable linked in Jira
✅ Story marked as Done in Jira",,Bilal Ashrafov,712020:72f6c6d8-61d4-42d7-9554-95c2403d3b14,,,,,,,,,{},,0|i0003z:,SCRUM questions Sprint 1,SCRUM questions Sprint 2,,5.0,,,,,,,,Done,13/Mar/26 9:36 AM
Updated questionnaire for interview of farmers,SCRUM-15,10122,Task,Done,SCRUM,K608,software,The V,712020:f14fa11e-5d60-4d0e-822f-5f18b8a6cfa0,Your first project,Highest,Done,Bilal Ashrafov,712020:72f6c6d8-61d4-42d7-9554-95c2403d3b14,Bilal Ashrafov,712020:72f6c6d8-61d4-42d7-9554-95c2403d3b14,Bilal Ashrafov,712020:72f6c6d8-61d4-42d7-9554-95c2403d3b14,04/Mar/26 1:47 PM,09/Mar/26 12:39 PM,,09/Mar/26 12:27 PM,06/Mar/26 12:00 AM,0,,,,,"h2. *Updated User Story*

As a product team, I want to conduct semi-structured qualitative interviews with farmers to deeply understand CAP (SMR/GAEC) compliance pain points and validate whether our solution addresses real needs. So we can check problem-solution fit and gauge willingness to pay.

----

h2. *Interview Script*

h3. *Opening (2 minutes)*

""Thank you for taking the time to speak with me today. My name is [OUR TEAM MEMBER], and I'm a student at KTU working on a project about agricultural compliance.

We're exploring how farmers experience CAP regulations and reporting requirements. There are no right or wrong answers—I'm just interested in learning from your experience. This conversation should take about 15-20 minutes.

Everything you share will be kept confidential, and we won't attribute any specific comments to you by name. Are you comfortable if I take notes during our conversation? [If recording: May I record this for my notes? The recording will only be used internally and deleted after transcription.]

Do you have any questions before we begin?""

----

h3. *Semi-Structured Interview Guide (15-17 minutes)*

*Section 1: Farm Context & CAP Engagement (3-4 minutes)*

*Q1: Tell me about your farm.*

* _Probe:_ What do you grow/produce? How large is your operation?
* _Probe:_ How long have you been farming?

*Q2: How does the CAP fit into your farm's operations?*

* _Probe:_ Do you currently receive CAP payments? For how long?
* _Probe:_ What made you decide to participate (or not participate)?

----

*Section 2: Compliance Experience (6-8 minutes)*

*Q3: Walk me through what happens when you need to handle CAP compliance and reporting. What does that process look like for you?*

* _Probe:_ How much time does it typically take?
* _Probe:_ What's the most time-consuming part?
* _Probe:_ Do you handle this yourself or does someone help you?

*Q4: When you think about SMR and GAEC requirements, what comes to mind?*

* _Probe:_ Which specific requirements do you find most confusing or difficult?
* _Probe:_ Can you give me an example of something that was particularly hard to understand or implement?

*Q5: Have you ever had any issues with compliance—warnings, penalties, or close calls?*

* _If yes:_ Can you tell me what happened?
* _If no:_ Do you worry about this possibility? Why or why not?

*Q6: How confident do you feel about your understanding of all the requirements?*

* _Probe:_ Where do you go when you have questions?
* _Probe:_ What would help you feel more confident?

----

*Section 3: Current Solutions & Workarounds (3-4 minutes)*

*Q7: What tools, systems, or people do you currently rely on to manage compliance?*

* _Probe:_ How well do these work for you?
* _Probe:_ What's missing?

*Q8: Do you work with any external consultants or advisors for CAP reporting?*

* _If yes:_ What do they help with? What does that cost you annually?
* _Probe:_ Is this cost a burden for your farm?

----

*Section 4: Solution Interest & Willingness to Pay (2-3 minutes)*

*Q9: Imagine there was a digital platform that automatically monitored your compliance with SMR and GAEC requirements and alerted you about potential issues before they became problems. How would something like that fit into your farm?*

* _Probe:_ What would be most valuable to you?
* _Probe:_ What concerns would you have?

*Q10: If such a platform could save you [X hours per month based on their Q3 answer] and reduce your risk of penalties, what would that be worth to you?*

* _Probe:_ Would you be willing to pay a monthly fee for something like that? What range seems reasonable?
* _Probe:_ How does that compare to what you currently spend on consultants or your own time?

----

h3. *Closing (1 minute)*

""Thank you so much for sharing your experiences with me. This has been incredibly helpful.

Before we finish—is there anything else about CAP compliance or farm management that we haven't discussed that you think is important for me to understand?

[Listen]

Great. If we have any follow-up questions as we develop this further, would it be okay to reach out to you again?

Thank you again for your time and insights. Best of luck with this season.""

----

h2. *Updated Acceptance Criteria*

✅ Interview guide contains clear, open-ended questions organized by theme
✅ Opening and closing scripts are prepared and natural-sounding
✅ Interview can be completed in 20 minutes or less
✅ Guide allows flexibility for follow-up questions based on responses
✅ Pilot test completed with at least one farmer
✅ Interview notes template created for consistent documentation
✅ Link to interview guide and notes template added in Jira

----

h2. *Definition of Done (DoD)*

✅ Epic connected
✅ Points for the story given
✅ All sub-tasks completed
✅ Acceptance criteria met
✅ At least 1 pilot interview conducted and documented
✅ Interview guide reviewed and approved by team
✅ Notes template tested and refined based on pilot
✅ Story marked as Done in Jira",,Bilal Ashrafov,712020:72f6c6d8-61d4-42d7-9554-95c2403d3b14,,,,,,,,,{},,0|i0003r:,SCRUM questions Sprint 2,,,7.0,,,,,10088,SCRUM-14,Market Validation – CAP Compliance Interviews,Done,09/Mar/26 12:27 PM
Market Validation – CAP Compliance Interviews,SCRUM-14,10088,Epic,To Do,SCRUM,K608,software,The V,712020:f14fa11e-5d60-4d0e-822f-5f18b8a6cfa0,Your first project,Medium,,,,Maksym Sviatnyi,712020:13edebc4-169a-4e06-9eaa-451f0c9d1ca5,Maksym Sviatnyi,712020:13edebc4-169a-4e06-9eaa-451f0c9d1ca5,27/Feb/26 8:54 AM,27/Feb/26 8:54 AM,,,,0,,,,,"Big Goal: Use structured interviews with farmers to confirm the CAP (SMR/GAEC) compliance issue and find out how much people want a digital compliance monitoring platform.

Scope:Making the questionnaire

Conducting the interview

Analysis of problem validation

Assessment of willingness to pay

Result: Clear proof that the burden of complying with CAP is big enough to warrant the creation of a digital solution.",,Maksym Sviatnyi,712020:13edebc4-169a-4e06-9eaa-451f0c9d1ca5,,,,,,,,,{},purple,0|i0003j:,,,,,,,,,,,,To Do,27/Feb/26 8:54 AM
Prepare validation summary,SCRUM-13,10055,Subtask,To Do,SCRUM,K608,software,The V,712020:f14fa11e-5d60-4d0e-822f-5f18b8a6cfa0,Your first project,Medium,,,,Maksym Sviatnyi,712020:13edebc4-169a-4e06-9eaa-451f0c9d1ca5,Maksym Sviatnyi,712020:13edebc4-169a-4e06-9eaa-451f0c9d1ca5,25/Feb/26 10:20 PM,25/Feb/26 10:20 PM,,,,0,,,,,,,Maksym Sviatnyi,712020:13edebc4-169a-4e06-9eaa-451f0c9d1ca5,,,,,,,,,{},,0|i0003b:,SCRUM questions Sprint 0,SCRUM questions Sprint 3,,,,,,,10045,SCRUM-8,Prepare for questionnaire for interview of farmers,To Do,25/Feb/26 10:20 PM
Analyze results,SCRUM-12,10053,Subtask,To Do,SCRUM,K608,software,The V,712020:f14fa11e-5d60-4d0e-822f-5f18b8a6cfa0,Your first project,Medium,,,,Maksym Sviatnyi,712020:13edebc4-169a-4e06-9eaa-451f0c9d1ca5,Maksym Sviatnyi,712020:13edebc4-169a-4e06-9eaa-451f0c9d1ca5,25/Feb/26 10:20 PM,25/Feb/26 10:20 PM,,,,0,,,,,,,Maksym Sviatnyi,712020:13edebc4-169a-4e06-9eaa-451f0c9d1ca5,,,,,,,,,{},,0|i00033:,SCRUM questions Sprint 0,SCRUM questions Sprint 3,,,,,,,10045,SCRUM-8,Prepare for questionnaire for interview of farmers,To Do,25/Feb/26 10:20 PM
Conduct interviews,SCRUM-11,10051,Subtask,To Do,SCRUM,K608,software,The V,712020:f14fa11e-5d60-4d0e-822f-5f18b8a6cfa0,Your first project,Medium,,,,Maksym Sviatnyi,712020:13edebc4-169a-4e06-9eaa-451f0c9d1ca5,Maksym Sviatnyi,712020:13edebc4-169a-4e06-9eaa-451f0c9d1ca5,25/Feb/26 10:20 PM,25/Feb/26 10:20 PM,,,,0,,,,,,,Maksym Sviatnyi,712020:13edebc4-169a-4e06-9eaa-451f0c9d1ca5,,,,,,,,,{},,0|i0002v:,SCRUM questions Sprint 0,SCRUM questions Sprint 3,,,,,,,10045,SCRUM-8,Prepare for questionnaire for interview of farmers,To Do,25/Feb/26 10:20 PM
Identify farmers for interviews,SCRUM-10,10049,Subtask,To Do,SCRUM,K608,software,The V,712020:f14fa11e-5d60-4d0e-822f-5f18b8a6cfa0,Your first project,Medium,,,,Maksym Sviatnyi,712020:13edebc4-169a-4e06-9eaa-451f0c9d1ca5,Maksym Sviatnyi,712020:13edebc4-169a-4e06-9eaa-451f0c9d1ca5,25/Feb/26 10:19 PM,25/Feb/26 10:19 PM,,,,0,,,,,,,Maksym Sviatnyi,712020:13edebc4-169a-4e06-9eaa-451f0c9d1ca5,,,,,,,,,{},,0|i0002n:,SCRUM questions Sprint 0,SCRUM questions Sprint 3,,,,,,,10045,SCRUM-8,Prepare for questionnaire for interview of farmers,To Do,25/Feb/26 10:19 PM
Create Google Form,SCRUM-9,10047,Subtask,To Do,SCRUM,K608,software,The V,712020:f14fa11e-5d60-4d0e-822f-5f18b8a6cfa0,Your first project,Medium,,,,Maksym Sviatnyi,712020:13edebc4-169a-4e06-9eaa-451f0c9d1ca5,Maksym Sviatnyi,712020:13edebc4-169a-4e06-9eaa-451f0c9d1ca5,25/Feb/26 10:19 PM,25/Feb/26 10:19 PM,04/Mar/26 9:14 AM,,,0,,,,,,,Maksym Sviatnyi,712020:13edebc4-169a-4e06-9eaa-451f0c9d1ca5,,,,,,,,,{},,0|i0002f:,SCRUM questions Sprint 0,SCRUM questions Sprint 3,,,,,,,10045,SCRUM-8,Prepare for questionnaire for interview of farmers,To Do,25/Feb/26 10:19 PM
Prepare for questionnaire for interview of farmers,SCRUM-8,10045,Task,Done,SCRUM,K608,software,The V,712020:f14fa11e-5d60-4d0e-822f-5f18b8a6cfa0,Your first project,Medium,Done,Maksym Sviatnyi,712020:13edebc4-169a-4e06-9eaa-451f0c9d1ca5,The V,712020:f14fa11e-5d60-4d0e-822f-5f18b8a6cfa0,The V,712020:f14fa11e-5d60-4d0e-822f-5f18b8a6cfa0,25/Feb/26 4:27 PM,15/Apr/26 3:51 PM,06/Mar/26 10:56 AM,15/Apr/26 3:51 PM,,0,,,,,"h3. User Story

As a product team, I want to use structured interviews with farmers to make sure that CAP (SMR/GAEC) compliance pain points are real.
So we can check the fit between the problem and the solution and see if people are prepared to pay.

1. Farm profile

*What is the size of your farm?*

* Under 10 hectares
* 10–50 hectares
* 50–200 hectares
* Over 200 hectares

h3. 2. Engagement with CAP

*Do you currently receive CAP direct payments?*

* Yes
* No
* Planning to apply

h3. 3. Administrative burden

*How many hours per month do you spend on CAP-related documentation and compliance tasks?*

* Less than 5 hours
* 5–10 hours
* 10–20 hours
* More than 20 hours

h3. 4. Perceived complexity

*How would you rate the complexity of SMR and GAEC requirements?*


(1 = Very simple, 5 = Extremely complex)

h3. 5. Fear of penalties

*Have you ever received a warning or penalty related to CAP compliance?*

* Yes
* No

If yes:
How concerned are you about future penalties? (1–5 scale)

h3. 6. Understanding of regulations

*Do you feel confident that you fully understand all CAP compliance requirements?*

* Yes, completely
* Partially
* No

h3. 7. Use of consultants

*Do you use external consultants for CAP reporting?*

* Yes, regularly
* Occasionally
* No

If yes:
Approximately how much do you spend annually on consulting services?

h3. 8. Current tools

*What tools do you currently use to manage compliance?*

* Paper documentation
* Excel
* Government portals
* Specialized software
* None

h3. 9. Interest in digital solution

*Would you use a digital platform that automatically monitors SMR/GAEC compliance and alerts you about risks?*

* Definitely yes
* Probably yes
* Not sure
* Probably not
* Definitely not

h3. 10. Willingness to pay

*How much would you be willing to pay monthly for a platform that reduces compliance workload and minimizes penalty risks?*

* €0–10
* €10–30
* €30–50
* More than €50

h3. 11. External Support and Financial Impact

*Do you hire external specialists (e.g., consultants, accountants, compliance advisors) to assist with CAP compliance and reporting?*

* Yes, regularly
* Occasionally
* No

If yes:
How significant is the financial burden of these services for your farm?
(1 = Not significant at all, 5 = Very significant financial burden)



h3. Acceptance Criteria

The questionnaire has questions that are clear and well-organized.

The answer choices are clear and well-defined.

A digital version of the Google Form is made.

Pilot test finished (with at least one person answering the test)

Added a link to the form in Jira

Script for the interview (opening and conclusion)



h3. Definition of Done 

Epic connected

Points for the story given

All of the smaller jobs are done.

Requirements for acceptance met

The problem is now done.",,The V,712020:f14fa11e-5d60-4d0e-822f-5f18b8a6cfa0,,,,,,,,,{},,0|i0006j:,SCRUM questions Sprint 0,SCRUM questions Sprint 3,,5.0,,,,,10088,SCRUM-14,Market Validation – CAP Compliance Interviews,Done,15/Apr/26 3:51 PM
"Report. Points 2.3, 2.2 and all 1.*",SCRUM-7,10044,Task,Done,SCRUM,K608,software,The V,712020:f14fa11e-5d60-4d0e-822f-5f18b8a6cfa0,Your first project,Medium,Done,Edvinas Fiodorov,712020:23eef6d5-12da-4c4f-bff8-e65f38e8287b,The V,712020:f14fa11e-5d60-4d0e-822f-5f18b8a6cfa0,The V,712020:f14fa11e-5d60-4d0e-822f-5f18b8a6cfa0,25/Feb/26 4:26 PM,13/Mar/26 9:24 AM,04/Mar/26 9:09 AM,13/Mar/26 9:24 AM,,0,,,,,,,The V,712020:f14fa11e-5d60-4d0e-822f-5f18b8a6cfa0,,,,,,,,,{},,0|i0001z:,SCRUM questions Sprint 0,,,5.0,,,,,,,,Done,13/Mar/26 9:24 AM
